,point_id,time_spent,distance_driven,StreetNumber,Street,PostalCode,City,IsNormalized,OpenTime,CloseTime,isStart,prenormalised,geocode,street_number_n,route_n,locality_n,administrative_area_level_2_n,postal_code_n,formatted_address_n,lat_n,lng_n,place_id_n,visited,lat/lng
0,5,2021-11-28 08:06:00,774.0,40C,Starowiejska,81-356,Gdynia,True,2021-11-28 08:00:00,2021-11-28 16:00:00,False,"Starowiejska 40C, 81-356 Gdynia","{'street_number': '40C', 'route': 'Starowiejska', 'political': 'Śródmieście', 'locality': 'Gdynia', 'administrative_area_level_2': 'Gdynia', 'administrative_area_level_1': 'Pomorskie', 'country': 'Poland', 'postal_code': '81-363', 'formatted_address': 'Starowiejska 40C, 81-363 Gdynia, Poland', 'lat': 54.5212833, 'lng': 18.5356647, 'place_id': 'ChIJT_OLOySn_UYRAFh4JWEjz6I'}",40C,Starowiejska,Gdynia,Gdynia,81-356,"Starowiejska 40C, 81-363 Gdynia, Poland",54.5212833,18.5356647,ChIJT_OLOySn_UYRAFh4JWEjz6I,True,"[54.5212833, 18.5356647]"
1,6,2021-11-28 08:15:29,1416.0,7,10 Lutego,81-366,Gdynia,True,2021-11-28 08:00:00,2021-11-28 16:00:00,False,"10 Lutego 7, 81-366 Gdynia","{'street_number': '7', 'route': '10 Lutego', 'political': 'Śródmieście', 'locality': 'Gdynia', 'administrative_area_level_2': 'Gdynia', 'administrative_area_level_1': 'Pomorskie', 'country': 'Poland', 'postal_code': '81-366', 'formatted_address': '10 Lutego 7, 81-366 Gdynia, Poland', 'lat': 54.519234, 'lng': 18.5406699, 'place_id': 'ChIJJcEoJiWn_UYR4BjZTZ3cAto'}",7,10 Lutego,Gdynia,Gdynia,81-366,"10 Lutego 7, 81-366 Gdynia, Poland",54.519234,18.5406699,ChIJJcEoJiWn_UYR4BjZTZ3cAto,True,"[54.519234, 18.5406699]"
2,7,2021-11-28 08:24:13,1986.0,46 A-B,A. Abrahama,81-395,Gdynia,False,2021-11-28 08:00:00,2021-11-28 16:00:00,False,"A. Abrahama 46 A-B, 81-395 Gdynia","{'street_number': '46 A-B', 'route': 'Antoniego Abrahama', 'political': 'Śródmieście', 'locality': 'Gdynia', 'administrative_area_level_2': 'Gdynia', 'administrative_area_level_1': 'Pomorskie', 'country': 'Poland', 'postal_code': '81-395', 'formatted_address': 'Antoniego Abrahama 46 A-B, 81-395 Gdynia, Poland', 'lat': 54.5164267, 'lng': 18.5395169, 'place_id': 'ChIJYcNp_i-n_UYR0KVP_Mt3oOg'}",46 A-B,Antoniego Abrahama,Gdynia,Gdynia,81-395,"Antoniego Abrahama 46 A-B, 81-395 Gdynia, Poland",54.5164267,18.5395169,ChIJYcNp_i-n_UYR0KVP_Mt3oOg,True,"[54.5164267, 18.5395169]"
3,9,2021-11-28 08:31:58,2476.0,,Swietojanska 75,81-389,Gdynia,False,2021-11-28 08:00:00,2021-11-28 16:00:00,False,"Swietojanska 75 , 81-389 Gdynia","{'street_number': '75', 'route': 'Świętojańska', 'political': 'Śródmieście', 'locality': 'Gdynia', 'administrative_area_level_2': 'Gdynia', 'administrative_area_level_1': 'Pomorskie', 'country': 'Poland', 'postal_code': '81-389', 'formatted_address': 'Świętojańska 75, 81-389 Gdynia, Poland', 'lat': 54.512939, 'lng': 18.5399209, 'place_id': 'ChIJXT7NvTGn_UYRISNaLDXtvlw'}",75,Świętojańska,Gdynia,Gdynia,81-389,"Świętojańska 75, 81-389 Gdynia, Poland",54.512939,18.5399209,ChIJXT7NvTGn_UYRISNaLDXtvlw,True,"[54.512939, 18.5399209]"
4,10,2021-11-28 08:41:45,3673.0,45,Ignacego Krasickiego,81-377,Gdynia,True,2021-11-28 08:00:00,2021-11-28 16:00:00,False,"Ignacego Krasickiego 45, 81-377 Gdynia","{'street_number': '45', 'route': 'Ignacego Krasickiego', 'political': 'Kamienna Góra', 'locality': 'Gdynia', 'administrative_area_level_2': 'Gdynia', 'administrative_area_level_1': 'Pomorskie', 'country': 'Poland', 'postal_code': '81-377', 'formatted_address': 'Ignacego Krasickiego 45, 81-377 Gdynia, Poland', 'lat': 54.5082143, 'lng': 18.548955, 'place_id': 'ChIJWzNOvzWn_UYRfhHy_hbbYXU'}",45,Ignacego Krasickiego,Gdynia,Gdynia,81-377,"Ignacego Krasickiego 45, 81-377 Gdynia, Poland",54.5082143,18.548955,ChIJWzNOvzWn_UYRfhHy_hbbYXU,True,"[54.5082143, 18.548955]"
5,11,2021-11-28 08:49:45,4162.0,5,Necla,81-377,Gdynia,False,2021-11-28 08:00:00,2021-11-28 16:00:00,False,"Necla 5, 81-377 Gdynia","{'street_number': '5', 'route': 'Augustyna Necla', 'political': 'Kamienna Góra', 'locality': 'Gdynia', 'administrative_area_level_2': 'Gdynia', 'administrative_area_level_1': 'Pomorskie', 'country': 'Poland', 'postal_code': '81-377', 'formatted_address': 'Augustyna Necla 5, 81-377 Gdynia, Poland', 'lat': 54.5088145, 'lng': 18.5482381, 'place_id': 'ChIJyzWnzjWn_UYRgELId-RzYyo'}",5,Augustyna Necla,Gdynia,Gdynia,81-377,"Augustyna Necla 5, 81-377 Gdynia, Poland",54.5088145,18.5482381,ChIJyzWnzjWn_UYRgELId-RzYyo,True,"[54.5088145, 18.5482381]"
6,12,2021-11-28 09:01:06,5920.0,24,B. Chłopskich,81-415,Gdynia,False,2021-11-28 08:00:00,2021-11-28 16:00:00,False,"B. Chlopskich 24, 81-415 Gdynia","{'street_number': '24', 'route': 'Batalionów Chłopskich', 'political': 'Wzgórze Świętego Maksymiliana', 'locality': 'Gdynia', 'administrative_area_level_2': 'Gdynia', 'administrative_area_level_1': 'Pomorskie', 'country': 'Poland', 'postal_code': '81-415', 'formatted_address': 'Batalionów Chłopskich 24, 81-415 Gdynia, Poland', 'lat': 54.498085, 'lng': 18.539604, 'place_id': 'ChIJHcLwC8mg_UYRJOtr-7QwZBM'}",24,Batalionów Chłopskich,Gdynia,Gdynia,81-415,"Batalionów Chłopskich 24, 81-415 Gdynia, Poland",54.498085,18.539604,ChIJHcLwC8mg_UYRJOtr-7QwZBM,True,"[54.498085, 18.539604]"
7,14,2021-11-28 09:11:44,7518.0,3A,Luzycka,81-537,Gdynia,False,2021-11-28 08:00:00,2021-11-28 16:00:00,False,"Luzycka 3A, 81-537 Gdynia","{'street_number': '3A', 'route': 'Łużycka', 'political': 'Mały Kack', 'locality': 'Gdynia', 'administrative_area_level_2': 'Gdynia', 'administrative_area_level_1': 'Pomorskie', 'country': 'Poland', 'postal_code': '81-472', 'formatted_address': 'Łużycka 3A, 81-472 Gdynia, Poland', 'lat': 54.494819, 'lng': 18.5357619, 'place_id': 'ChIJUTbSn8ig_UYRW5Dy7I_4uUw'}",3A,Łużycka,Gdynia,Gdynia,81-537,"Łużycka 3A, 81-472 Gdynia, Poland",54.494819,18.5357619,ChIJUTbSn8ig_UYRW5Dy7I_4uUw,True,"[54.494819, 18.5357619]"
8,15,2021-11-28 09:20:28,9063.0,4A,plac Górnośląski,81-509,Gdynia,True,2021-11-28 08:00:00,2021-11-28 16:00:00,False,"plac Gornoslaski 4A, 81-509 Gdynia","{'street_number': '4a', 'route': 'plac Górnośląski', 'political': 'Orłowo', 'locality': 'Gdynia', 'administrative_area_level_2': 'Gdynia', 'administrative_area_level_1': 'Pomorskie', 'country': 'Poland', 'postal_code': '81-509', 'formatted_address': 'plac Górnośląski 4a, 81-509 Gdynia, Poland', 'lat': 54.4838673, 'lng': 18.5387203, 'place_id': 'ChIJS4jjzL-g_UYRIK2YdvAFU9w'}",4a,plac Górnośląski,Gdynia,Gdynia,81-509,"plac Górnośląski 4a, 81-509 Gdynia, Poland",54.4838673,18.5387203,ChIJS4jjzL-g_UYRIK2YdvAFU9w,True,"[54.4838673, 18.5387203]"
9,2,2021-11-28 09:31:11,11463.0,260,Wielkoplska,81-532,Gdynia,False,2021-11-28 08:00:00,2021-11-28 16:00:00,False,"Wielkoplska 260, 81-532 Gdynia","{'street_number': '260', 'route': 'Wielkopolska', 'political': 'Mały Kack', 'locality': 'Gdynia', 'administrative_area_level_2': 'Gdynia', 'administrative_area_level_1': 'Pomorskie', 'country': 'Poland', 'postal_code': '81-531', 'formatted_address': 'Wielkopolska 260, 81-531 Gdynia, Poland', 'lat': 54.472972, 'lng': 18.5125589, 'place_id': 'ChIJCbgkVvCg_UYRCLrzLJVT8Dw'}",260,Wielkopolska,Gdynia,Gdynia,81-532,"Wielkopolska 260, 81-531 Gdynia, Poland",54.472972,18.5125589,ChIJCbgkVvCg_UYRCLrzLJVT8Dw,True,"[54.472972, 18.5125589]"
10,3,2021-11-28 09:39:44,12377.0,16A,Korzenna,81-587,Gdynia,True,2021-11-28 08:00:00,2021-11-28 16:00:00,False,"Korzenna 16A, 81-587 Gdynia","{'street_number': '16a', 'route': 'Korzenna', 'political': 'Karwiny', 'locality': 'Gdynia', 'administrative_area_level_2': 'Gdynia', 'administrative_area_level_1': 'Pomorskie', 'country': 'Poland', 'postal_code': '81-587', 'formatted_address': 'Korzenna 16a, 81-587 Gdynia, Poland', 'lat': 54.47060500000001, 'lng': 18.504491, 'place_id': 'ChIJAwkRkvmg_UYRVrBvBD4UpkY'}",16a,Korzenna,Gdynia,Gdynia,81-587,"Korzenna 16a, 81-587 Gdynia, Poland",54.47060500000001,18.504491,ChIJAwkRkvmg_UYRVrBvBD4UpkY,True,"[54.47060500000001, 18.504491]"
11,0,2021-11-28 09:50:20,14565.0,17,Witolda,81-532,Gdynia,True,2021-11-28 08:00:00,2021-11-28 16:00:00,False,"Witolda 17, 81-532 Gdynia","{'street_number': '17', 'route': 'Witolda', 'political': 'Mały Kack', 'locality': 'Gdynia', 'administrative_area_level_2': 'Gdynia', 'administrative_area_level_1': 'Pomorskie', 'country': 'Poland', 'postal_code': '81-532', 'formatted_address': 'Witolda 17, 81-532 Gdynia, Poland', 'lat': 54.477958, 'lng': 18.5196319, 'place_id': 'ChIJZ2FIjO6g_UYRxx642XSl6pY'}",17,Witolda,Gdynia,Gdynia,81-532,"Witolda 17, 81-532 Gdynia, Poland",54.477958,18.5196319,ChIJZ2FIjO6g_UYRxx642XSl6pY,True,"[54.477958, 18.5196319]"
12,1,2021-11-28 09:57:39,14844.0,39A,Witolda,81-532,Gdynia,True,2021-11-28 08:00:00,2021-11-28 16:00:00,False,"Witolda 39A, 81-532 Gdynia","{'street_number': '39A', 'route': 'Witolda', 'political': 'Mały Kack', 'locality': 'Gdynia', 'administrative_area_level_2': 'Gdynia', 'administrative_area_level_1': 'Pomorskie', 'country': 'Poland', 'postal_code': '81-531', 'formatted_address': 'Witolda 39A, 81-531 Gdynia, Poland', 'lat': 54.476737, 'lng': 18.5161771, 'place_id': 'ChIJA0bwSu6g_UYREuO7veUce-o'}",39A,Witolda,Gdynia,Gdynia,81-532,"Witolda 39A, 81-531 Gdynia, Poland",54.476737,18.5161771,ChIJA0bwSu6g_UYREuO7veUce-o,True,"[54.476737, 18.5161771]"
13,4,2021-11-28 10:10:39,18056.0,4,Wiczlinska,81-578,Gdynia,False,2021-11-28 08:00:00,2021-11-28 16:00:00,False,"Wiczlinska 4, 81-578 Gdynia","{'street_number': '4', 'route': 'Wiczlińska', 'political': 'Dąbrowa', 'locality': 'Gdynia', 'administrative_area_level_2': 'Gdynia', 'administrative_area_level_1': 'Pomorskie', 'country': 'Poland', 'postal_code': '81-578', 'formatted_address': 'Wiczlińska 4, 81-578 Gdynia, Poland', 'lat': 54.4723743, 'lng': 18.4776952, 'place_id': 'ChIJlyWyBgeh_UYRGNYvNtDzybw'}",4,Wiczlińska,Gdynia,Gdynia,81-578,"Wiczlińska 4, 81-578 Gdynia, Poland",54.4723743,18.4776952,ChIJlyWyBgeh_UYRGNYvNtDzybw,True,"[54.4723743, 18.4776952]"
14,16,2021-11-28 10:28:13,24239.0,238,aleja Zwycięstwa,81-540,Gdynia,True,2021-11-28 08:00:00,2021-11-28 16:00:00,False,"aleja Zwyciestwa 238, 81-540 Gdynia","{'street_number': '238', 'route': 'aleja Zwycięstwa', 'political': 'Orłowo', 'locality': 'Gdynia', 'administrative_area_level_2': 'Gdynia', 'administrative_area_level_1': 'Pomorskie', 'country': 'Poland', 'postal_code': '81-525', 'formatted_address': 'aleja Zwycięstwa 238, 81-525 Gdynia, Poland', 'lat': 54.47812099999999, 'lng': 18.5525129, 'place_id': 'ChIJ0_CeVZig_UYRfTCgPw5HmXo'}",238,aleja Zwycięstwa,Gdynia,Gdynia,81-540,"aleja Zwycięstwa 238, 81-525 Gdynia, Poland",54.47812099999999,18.5525129,ChIJ0_CeVZig_UYRfTCgPw5HmXo,True,"[54.47812099999999, 18.5525129]"
15,18,2021-11-28 10:38:43,26523.0,938,al. Niepodległości,81-861,Sopot,False,2021-11-28 08:00:00,2021-11-28 16:00:00,False,"al. Niepodleglosci 938, 81-861 Sopot","{'street_number': '938', 'route': 'Aleja Niepodległości', 'locality': 'Sopot', 'administrative_area_level_2': 'Sopot', 'administrative_area_level_1': 'Pomorskie', 'country': 'Poland', 'postal_code': '81-855', 'formatted_address': 'Aleja Niepodległości 938, 81-855 Sopot, Poland', 'lat': 54.458014, 'lng': 18.5543914, 'place_id': 'ChIJeWL65yoL_UYRzNRYmqOxzHg'}",938,Aleja Niepodległości,Sopot,Sopot,81-861,"Aleja Niepodległości 938, 81-855 Sopot, Poland",54.458014,18.5543914,ChIJeWL65yoL_UYRzNRYmqOxzHg,True,"[54.458014, 18.5543914]"
16,17,2021-11-28 10:46:42,26888.0,899,aleja Niepodległości,81-861,Sopot,True,2021-11-28 09:00:00,2021-11-28 17:00:00,False,"aleja Niepodleglosci 899, 81-861 Sopot","{'street_number': '899', 'route': 'Aleja Niepodległości', 'locality': 'Sopot', 'administrative_area_level_2': 'Sopot', 'administrative_area_level_1': 'Pomorskie', 'country': 'Poland', 'postal_code': '81', 'formatted_address': 'Aleja Niepodległości 899, Sopot, Poland', 'lat': 54.46030829999999, 'lng': 18.5548341, 'place_id': 'ChIJgccIg38K_UYRXCss9Ow9Gdc'}",899,Aleja Niepodległości,Sopot,Sopot,81-861,"Aleja Niepodległości 899, Sopot, Poland",54.46030829999999,18.5548341,ChIJgccIg38K_UYRXCss9Ow9Gdc,True,"[54.46030829999999, 18.5548341]"
17,19,2021-11-28 10:56:57,28179.0,59,Haffnera,81-715,Sopot,False,2021-11-28 08:00:00,2021-11-28 16:00:00,False,"Haffnera 59, 81-715 Sopot","{'street_number': '59', 'route': 'Jana Jerzego Haffnera', 'political': 'Dolny Sopot', 'locality': 'Sopot', 'administrative_area_level_2': 'Sopot', 'administrative_area_level_1': 'Pomorskie', 'country': 'Poland', 'postal_code': '81-715', 'formatted_address': 'Jana Jerzego Haffnera 59, 81-715 Sopot, Poland', 'lat': 54.4507636, 'lng': 18.5609788, 'place_id': 'ChIJa_ez0IUK_UYR598sglPozmc'}",59,Jana Jerzego Haffnera,Sopot,Sopot,81-715,"Jana Jerzego Haffnera 59, 81-715 Sopot, Poland",54.4507636,18.5609788,ChIJa_ez0IUK_UYR598sglPozmc,True,"[54.4507636, 18.5609788]"
18,21,2021-11-28 11:04:09,28583.0,42,Jana Jerzego Haffnera,81-708,Sopot,True,2021-11-28 08:00:00,2021-11-28 16:00:00,False,"Jana Jerzego Haffnera 42, 81-708 Sopot","{'street_number': '42', 'route': 'Jana Jerzego Haffnera', 'political': 'Dolny Sopot', 'locality': 'Sopot', 'administrative_area_level_2': 'Sopot', 'administrative_area_level_1': 'Pomorskie', 'country': 'Poland', 'postal_code': '81-707', 'formatted_address': 'Jana Jerzego Haffnera 42, 81-707 Sopot, Poland', 'lat': 54.4475136, 'lng': 18.5642046, 'place_id': 'ChIJtQ8Dn48K_UYRj-mMl2VTenA'}",42,Jana Jerzego Haffnera,Sopot,Sopot,81-708,"Jana Jerzego Haffnera 42, 81-707 Sopot, Poland",54.4475136,18.5642046,ChIJtQ8Dn48K_UYRj-mMl2VTenA,True,"[54.4475136, 18.5642046]"
19,24,2021-11-28 11:18:08,31258.0,54,Bitwy Pod Płowcami,81-731,Sopot,True,2021-11-28 08:00:00,2021-11-28 16:00:00,False,"Bitwy Pod Plowcami 54, 81-731 Sopot","{'street_number': '54', 'route': 'Bitwy pod Płowcami', 'locality': 'Sopot', 'administrative_area_level_2': 'Sopot', 'administrative_area_level_1': 'Pomorskie', 'country': 'Poland', 'postal_code': '81-731', 'formatted_address': 'Bitwy pod Płowcami 54, 81-731 Sopot, Poland', 'lat': 54.4333715, 'lng': 18.5796978, 'place_id': 'ChIJvS5NhOkK_UYR2uQT3wrdZjw'}",54,Bitwy pod Płowcami,Sopot,Sopot,81-731,"Bitwy pod Płowcami 54, 81-731 Sopot, Poland",54.4333715,18.5796978,ChIJvS5NhOkK_UYR2uQT3wrdZjw,True,"[54.4333715, 18.5796978]"
20,23,2021-11-28 11:27:26,32327.0,2,Poniatowskiego,81-724,Sopot,False,2021-11-28 10:00:00,2021-11-28 16:00:00,False,"Poniatowskiego 2, 81-724 Sopot","{'street_number': '2', 'route': 'Księcia Józefa Poniatowskiego', 'political': 'Dolny Sopot', 'locality': 'Sopot', 'administrative_area_level_2': 'Sopot', 'administrative_area_level_1': 'Pomorskie', 'country': 'Poland', 'postal_code': '81-724', 'formatted_address': 'Księcia Józefa Poniatowskiego 2, 81-724 Sopot, Poland', 'lat': 54.439771, 'lng': 18.5746989, 'place_id': 'ChIJFQPYLJMK_UYRgqnO2-SDbZ4'}",2,Księcia Józefa Poniatowskiego,Sopot,Sopot,81-724,"Księcia Józefa Poniatowskiego 2, 81-724 Sopot, Poland",54.439771,18.5746989,ChIJFQPYLJMK_UYRgqnO2-SDbZ4,True,"[54.439771, 18.5746989]"
21,22,2021-11-28 11:38:16,33152.0,9,Michała Drzymały,81-771,Sopot,True,2021-11-28 08:00:00,2021-11-28 16:00:00,False,"Michala Drzymaly 9, 81-771 Sopot","{'street_number': '9', 'route': 'Michała Drzymały', 'political': 'Dolny Sopot', 'locality': 'Sopot', 'administrative_area_level_2': 'Sopot', 'administrative_area_level_1': 'Pomorskie', 'country': 'Poland', 'postal_code': '81-771', 'formatted_address': 'Michała Drzymały 9, 81-771 Sopot, Poland', 'lat': 54.4411942, 'lng': 18.5745219, 'place_id': 'ChIJkebzz5IK_UYR_Q7wJ7zj_rk'}",9,Michała Drzymały,Sopot,Sopot,81-771,"Michała Drzymały 9, 81-771 Sopot, Poland",54.4411942,18.5745219,ChIJkebzz5IK_UYR_Q7wJ7zj_rk,True,"[54.4411942, 18.5745219]"
22,25,2021-11-28 12:01:02,40643.0,27,Kościuszki,80-445,Gdańsk,False,2021-11-28 08:00:00,2021-11-28 16:00:00,False,"Kosciuszki 27, 80-445 Gdansk","{'street_number': '27', 'route': 'Tadeusza Kościuszki', 'locality': 'Gdańsk', 'administrative_area_level_2': 'Gdańsk', 'administrative_area_level_1': 'Pomorskie', 'country': 'Poland', 'postal_code': '80-445', 'formatted_address': 'Tadeusza Kościuszki 27, 80-445 Gdańsk, Poland', 'lat': 54.3864335, 'lng': 18.6075314, 'place_id': 'ChIJUy_UqMB0_UYRao10VkY_IZQ'}",27,Tadeusza Kościuszki,Gdańsk,Gdańsk,80-445,"Tadeusza Kościuszki 27, 80-445 Gdańsk, Poland",54.3864335,18.6075314,ChIJUy_UqMB0_UYRao10VkY_IZQ,True,"[54.3864335, 18.6075314]"
23,26,2021-11-28 12:08:57,41153.0,9,Jana Kilińskiego,80-452,Gdańsk,True,2021-11-28 08:00:00,2021-11-28 16:00:00,False,"Jana Kilinskiego 9, 80-452 Gdansk","{'street_number': '9', 'route': 'Jana Kilińskiego', 'locality': 'Gdańsk', 'administrative_area_level_2': 'Gdańsk', 'administrative_area_level_1': 'Pomorskie', 'country': 'Poland', 'postal_code': '80-452', 'formatted_address': 'Jana Kilińskiego 9, 80-452 Gdańsk, Poland', 'lat': 54.3836474, 'lng': 18.6064731, 'place_id': 'ChIJE-8ihr90_UYRDqW5bQHeccA'}",9,Jana Kilińskiego,Gdańsk,Gdańsk,80-452,"Jana Kilińskiego 9, 80-452 Gdańsk, Poland",54.3836474,18.6064731,ChIJE-8ihr90_UYRDqW5bQHeccA,True,"[54.3836474, 18.6064731]"
24,27,2021-11-28 12:19:08,42271.0,4C/1,Danusi,80-434,Gdańsk,True,2021-11-28 08:00:00,2021-11-28 16:00:00,False,"Danusi 4C/1, 80-434 Gdansk","{'street_number': '4C', 'route': 'Danusi', 'locality': 'Gdańsk', 'administrative_area_level_2': 'Gdańsk', 'administrative_area_level_1': 'Pomorskie', 'country': 'Poland', 'postal_code': '80-434', 'formatted_address': 'Danusi 4C, 80-434 Gdańsk, Poland', 'lat': 54.3806143, 'lng': 18.6148434, 'place_id': 'ChIJ9b8N8710_UYRW-A-gz1uwik'}",4C,Danusi,Gdańsk,Gdańsk,80-434,"Danusi 4C, 80-434 Gdańsk, Poland",54.3806143,18.6148434,ChIJ9b8N8710_UYRW-A-gz1uwik,True,"[54.3806143, 18.6148434]"
25,28,2021-11-28 12:25:58,42441.0,20/2,Wyspiańskiego,80-434,Gdańsk,False,2021-11-28 08:00:00,2021-11-28 16:00:00,False,"Wyspianskiego 20/2, 80-434 Gdansk","{'street_number': '20', 'route': 'Stanisława Wyspiańskiego', 'locality': 'Gdańsk', 'administrative_area_level_2': 'Gdańsk', 'administrative_area_level_1': 'Pomorskie', 'country': 'Poland', 'postal_code': '80-434', 'formatted_address': 'Stanisława Wyspiańskiego 20, 80-434 Gdańsk, Poland', 'lat': 54.379771, 'lng': 18.6163245, 'place_id': 'ChIJcS1OKpZ0_UYRHFYihtBcP-4'}",20,Stanisława Wyspiańskiego,Gdańsk,Gdańsk,80-434,"Stanisława Wyspiańskiego 20, 80-434 Gdańsk, Poland",54.379771,18.6163245,ChIJcS1OKpZ0_UYRHFYihtBcP-4,True,"[54.379771, 18.6163245]"
26,31,2021-11-28 12:34:16,43213.0,12,aleja Grunwaldzka,80-236,Gdańsk,True,2021-11-28 12:00:00,2021-11-28 18:00:00,False,"aleja Grunwaldzka 12, 80-236 Gdansk","{'street_number': '12', 'route': 'aleja Grunwaldzka', 'locality': 'Gdańsk', 'administrative_area_level_2': 'Gdańsk', 'administrative_area_level_1': 'Pomorskie', 'country': 'Poland', 'postal_code': '80-236', 'formatted_address': 'aleja Grunwaldzka 12, 80-236 Gdańsk, Poland', 'lat': 54.374852, 'lng': 18.618636, 'place_id': 'ChIJq6Z95Zl0_UYR9ylXhtnooJg'}",12,aleja Grunwaldzka,Gdańsk,Gdańsk,80-236,"aleja Grunwaldzka 12, 80-236 Gdańsk, Poland",54.374852,18.618636,ChIJq6Z95Zl0_UYR9ylXhtnooJg,True,"[54.374852, 18.618636]"
27,29,2021-11-28 12:42:24,43976.0,49,al. Grunwaldzka,80-241,Gdańsk,False,2021-11-28 08:00:00,2021-11-28 16:00:00,False,"al. Grunwaldzka 49, 80-241 Gdansk","{'street_number': '49', 'route': 'aleja Grunwaldzka', 'locality': 'Gdańsk', 'administrative_area_level_2': 'Gdańsk', 'administrative_area_level_1': 'Pomorskie', 'country': 'Poland', 'postal_code': '80-241', 'formatted_address': 'aleja Grunwaldzka 49, 80-241 Gdańsk, Poland', 'lat': 54.3768463, 'lng': 18.6121372, 'place_id': 'ChIJoyoCk5Z0_UYRKoxvciRJ1jo'}",49,aleja Grunwaldzka,Gdańsk,Gdańsk,80-241,"aleja Grunwaldzka 49, 80-241 Gdańsk, Poland",54.3768463,18.6121372,ChIJoyoCk5Z0_UYRKoxvciRJ1jo,True,"[54.3768463, 18.6121372]"
28,30,2021-11-28 12:50:26,44704.0,56,aleja Grunwaldzka,80-241,Gdańsk,True,2021-11-28 08:00:00,2021-11-28 16:00:00,False,"aleja Grunwaldzka 56, 80-241 Gdansk","{'street_number': '56', 'route': 'aleja Grunwaldzka', 'locality': 'Gdańsk', 'administrative_area_level_2': 'Gdańsk', 'administrative_area_level_1': 'Pomorskie', 'country': 'Poland', 'postal_code': '80-241', 'formatted_address': 'aleja Grunwaldzka 56, 80-241 Gdańsk, Poland', 'lat': 54.376376, 'lng': 18.611769, 'place_id': 'ChIJFcmOv5Z0_UYRVqq-J1R6Rbo'}",56,aleja Grunwaldzka,Gdańsk,Gdańsk,80-241,"aleja Grunwaldzka 56, 80-241 Gdańsk, Poland",54.376376,18.611769,ChIJFcmOv5Z0_UYRVqq-J1R6Rbo,True,"[54.376376, 18.611769]"
29,33,2021-11-28 12:59:42,45811.0,65,Do Studzienki,80-227,Gdańsk,True,2021-11-28 08:00:00,2021-11-28 16:00:00,False,"Do Studzienki 65, 80-227 Gdansk","{'street_number': '65', 'route': 'Do Studzienki', 'locality': 'Gdańsk', 'administrative_area_level_2': 'Gdańsk', 'administrative_area_level_1': 'Pomorskie', 'country': 'Poland', 'postal_code': '80-227', 'formatted_address': 'Do Studzienki 65, 80-227 Gdańsk, Poland', 'lat': 54.368094, 'lng': 18.6097082, 'place_id': 'ChIJxQ1FuI90_UYRQc9uBYnkpVw'}",65,Do Studzienki,Gdańsk,Gdańsk,80-227,"Do Studzienki 65, 80-227 Gdańsk, Poland",54.368094,18.6097082,ChIJxQ1FuI90_UYRQc9uBYnkpVw,True,"[54.368094, 18.6097082]"
30,32,2021-11-28 13:09:04,46308.0,115C,Traugutta,80-226,Gdańsk,True,2021-11-28 08:00:00,2021-11-28 16:00:00,False,"Traugutta 115C, 80-226 Gdansk","{'premise': 'Budynek Działu Gospodarczego Wirtualna Polska', 'street_number': '115c', 'route': 'Traugutta', 'locality': 'Gdańsk', 'administrative_area_level_2': 'Gdańsk', 'administrative_area_level_1': 'Pomorskie', 'country': 'Poland', 'postal_code': '80-226', 'formatted_address': 'Budynek Działu Gospodarczego Wirtualna Polska, Traugutta 115c, 80-226 Gdańsk, Poland', 'lat': 54.369608, 'lng': 18.6081547, 'place_id': 'ChIJ9YFcJo50_UYRYxTS3SllnKw'}",115c,Traugutta,Gdańsk,Gdańsk,80-226,"Budynek Działu Gospodarczego Wirtualna Polska, Traugutta 115c, 80-226 Gdańsk, Poland",54.369608,18.6081547,ChIJ9YFcJo50_UYRYxTS3SllnKw,True,"[54.369608, 18.6081547]"
31,34,2021-11-28 13:23:24,48977.0,24,Beethovena,80-001,Gdańsk,True,2021-11-28 09:00:00,2021-11-28 17:00:00,False,"Beethovena 24, 80-001 Gdansk","{'street_number': '24', 'route': 'Beethovena', 'locality': 'Gdańsk', 'administrative_area_level_2': 'Gdańsk', 'administrative_area_level_1': 'Pomorskie', 'country': 'Poland', 'postal_code': '80-171', 'formatted_address': 'Beethovena 24, 80-171 Gdańsk, Poland', 'lat': 54.3559713, 'lng': 18.6133406, 'place_id': 'ChIJL17XdX50_UYRNYJt4RwPUzw'}",24,Beethovena,Gdańsk,Gdańsk,80-001,"Beethovena 24, 80-171 Gdańsk, Poland",54.3559713,18.6133406,ChIJL17XdX50_UYRNYJt4RwPUzw,True,"[54.3559713, 18.6133406]"
32,36,2021-11-28 13:34:52,51065.0,103,Malczewskiego,80-107,Gdańsk,False,2021-11-28 08:00:00,2021-11-28 16:00:00,False,"Malczewskiego 103, 80-107 Gdansk","{'street_number': '103', 'route': 'Jacka Malczewskiego', 'locality': 'Gdańsk', 'administrative_area_level_2': 'Gdańsk', 'administrative_area_level_1': 'Pomorskie', 'country': 'Poland', 'postal_code': '80-112', 'formatted_address': 'Jacka Malczewskiego 103, 80-112 Gdańsk, Poland', 'lat': 54.3479146, 'lng': 18.6223327, 'place_id': 'ChIJ2fRp9oZz_UYR2Hra4VHvB1A'}",103,Jacka Malczewskiego,Gdańsk,Gdańsk,80-107,"Jacka Malczewskiego 103, 80-112 Gdańsk, Poland",54.3479146,18.6223327,ChIJ2fRp9oZz_UYR2Hra4VHvB1A,True,"[54.3479146, 18.6223327]"
33,35,2021-11-28 13:44:49,52121.0,187,Kartuska,80-122,Gdańsk,True,2021-11-28 08:00:00,2021-11-28 16:00:00,False,"Kartuska 187, 80-122 Gdansk","{'street_number': '187', 'route': 'Kartuska', 'locality': 'Gdańsk', 'administrative_area_level_2': 'Gdańsk', 'administrative_area_level_1': 'Pomorskie', 'country': 'Poland', 'postal_code': '80-122', 'formatted_address': 'Kartuska 187, 80-122 Gdańsk, Poland', 'lat': 54.34922419999999, 'lng': 18.6080215, 'place_id': 'ChIJnzJUJnp0_UYRrGYAQ7Az-nc'}",187,Kartuska,Gdańsk,Gdańsk,80-122,"Kartuska 187, 80-122 Gdańsk, Poland",54.34922419999999,18.6080215,ChIJnzJUJnp0_UYRrGYAQ7Az-nc,True,"[54.34922419999999, 18.6080215]"
34,37,2021-11-28 13:57:19,54244.0,35,Stoczniowców,80-812,Gdańsk,True,2021-11-28 08:00:00,2021-11-28 16:00:00,False,"Stoczniowcow 35, 80-812 Gdansk","{'street_number': '35', 'route': 'Stoczniowców', 'locality': 'Gdańsk', 'administrative_area_level_2': 'Gdańsk', 'administrative_area_level_1': 'Pomorskie', 'country': 'Poland', 'postal_code': '80-812', 'formatted_address': 'Stoczniowców 35, 80-812 Gdańsk, Poland', 'lat': 54.344383, 'lng': 18.6304379, 'place_id': 'ChIJX_ZVRYVz_UYRYfcO7_hPy6k'}",35,Stoczniowców,Gdańsk,Gdańsk,80-812,"Stoczniowców 35, 80-812 Gdańsk, Poland",54.344383,18.6304379,ChIJX_ZVRYVz_UYRYfcO7_hPy6k,True,"[54.344383, 18.6304379]"
35,38,2021-11-28 14:06:48,56380.0,35,trakt Świętego Wojciecha,80-812,Gdańsk,True,2021-11-28 08:00:00,2021-11-28 16:00:00,False,"trakt Swietego Wojciecha 35, 80-812 Gdansk","{'street_number': '35', 'route': 'trakt świętego Wojciecha', 'locality': 'Gdańsk', 'administrative_area_level_2': 'Gdańsk', 'administrative_area_level_1': 'Pomorskie', 'country': 'Poland', 'postal_code': '80-376', 'formatted_address': 'trakt świętego Wojciecha 35, 80-376 Gdańsk, Poland', 'lat': 54.3345533, 'lng': 18.6355776, 'place_id': 'EjV0cmFrdCDFm3dpxJl0ZWdvIFdvamNpZWNoYSAzNSwgODAtMzc2IEdkYcWEc2ssIFBvbGFuZCIaEhgKFAoSCcXMxWCUc_1GEfK1Ttk9ndSFECM'}",35,trakt świętego Wojciecha,Gdańsk,Gdańsk,80-812,"trakt świętego Wojciecha 35, 80-376 Gdańsk, Poland",54.3345533,18.6355776,EjV0cmFrdCDFm3dpxJl0ZWdvIFdvamNpZWNoYSAzNSwgODAtMzc2IEdkYcWEc2ssIFBvbGFuZCIaEhgKFAoSCcXMxWCUc_1GEfK1Ttk9ndSFECM,True,"[54.3345533, 18.6355776]"
36,39,2021-11-28 14:17:55,58061.0,3,Olsztyńska,80-734,Gdańsk,True,2021-11-28 08:00:00,2021-11-28 16:00:00,False,"Olsztynska 3, 80-734 Gdansk","{'street_number': '3', 'route': 'Olszyńska', 'locality': 'Gdańsk', 'administrative_area_level_2': 'Gdańsk', 'administrative_area_level_1': 'Pomorskie', 'country': 'Poland', 'postal_code': '80-734', 'formatted_address': 'Olszyńska 3, 80-734 Gdańsk, Poland', 'lat': 54.3355755, 'lng': 18.651237, 'place_id': 'ChIJL4eyBrxz_UYRG46eb4xL3so'}",3,Olszyńska,Gdańsk,Gdańsk,80-734,"Olszyńska 3, 80-734 Gdańsk, Poland",54.3355755,18.651237,ChIJL4eyBrxz_UYRG46eb4xL3so,True,"[54.3355755, 18.651237]"
37,40,2021-11-28 14:24:54,58476.0,29,Olsztyńska,80-734,Gdańsk,True,2021-11-28 08:00:00,2021-11-28 16:00:00,False,"Olsztynska 29, 80-734 Gdansk","{'street_number': '29', 'route': 'Olszyńska', 'locality': 'Gdańsk', 'administrative_area_level_2': 'Gdańsk', 'administrative_area_level_1': 'Pomorskie', 'country': 'Poland', 'postal_code': '80-734', 'formatted_address': 'Olszyńska 29, 80-734 Gdańsk, Poland', 'lat': 54.3340859, 'lng': 18.6557151, 'place_id': 'ChIJRQD2Krpz_UYRgyI1dLQF2Iw'}",29,Olszyńska,Gdańsk,Gdańsk,80-734,"Olszyńska 29, 80-734 Gdańsk, Poland",54.3340859,18.6557151,ChIJRQD2Krpz_UYRgyI1dLQF2Iw,True,"[54.3340859, 18.6557151]"
38,41,2021-11-28 14:34:05,59683.0,32,Miodowa,80-738,Gdańsk,True,2021-11-28 08:00:00,2021-11-28 16:00:00,False,"Miodowa 32, 80-738 Gdansk","{'street_number': '32', 'route': 'Miodowa', 'locality': 'Gdańsk', 'administrative_area_level_2': 'Gdańsk', 'administrative_area_level_1': 'Pomorskie', 'country': 'Poland', 'postal_code': '80-740', 'formatted_address': 'Miodowa 32, 80-740 Gdańsk, Poland', 'lat': 54.3355596, 'lng': 18.6699429, 'place_id': 'ChIJc8ZQJ7Jz_UYRukct8LbeZPM'}",32,Miodowa,Gdańsk,Gdańsk,80-738,"Miodowa 32, 80-740 Gdańsk, Poland",54.3355596,18.6699429,ChIJc8ZQJ7Jz_UYRukct8LbeZPM,True,"[54.3355596, 18.6699429]"
39,42,2021-11-28 14:46:33,62960.0,35,Zawodzie,80-726,Gdańsk,True,2021-11-28 12:00:00,2021-11-28 18:00:00,False,"Zawodzie 35, 80-726 Gdansk","{'street_number': '35', 'route': 'Zawodzie', 'locality': 'Gdańsk', 'administrative_area_level_2': 'Gdańsk', 'administrative_area_level_1': 'Pomorskie', 'country': 'Poland', 'postal_code': '80-726', 'formatted_address': 'Zawodzie 35, 80-726 Gdańsk, Poland', 'lat': 54.3347112, 'lng': 18.690023, 'place_id': 'ChIJnedy21Fy_UYRQpNBfxC43KY'}",35,Zawodzie,Gdańsk,Gdańsk,80-726,"Zawodzie 35, 80-726 Gdańsk, Poland",54.3347112,18.690023,ChIJnedy21Fy_UYRQpNBfxC43KY,True,"[54.3347112, 18.690023]"
40,43,2021-11-28 15:04:55,69438.0,43,Wschodnia,80-066,Gdańsk,True,2021-11-28 08:00:00,2021-11-28 16:00:00,False,"Wschodnia 43, 80-066 Gdansk","{'street_number': '43', 'route': 'Wschodnia', 'locality': 'Gdańsk', 'administrative_area_level_2': 'Gdańsk', 'administrative_area_level_1': 'Pomorskie', 'country': 'Poland', 'postal_code': '80-066', 'formatted_address': 'Wschodnia 43, 80-066 Gdańsk, Poland', 'lat': 54.3237438, 'lng': 18.6498778, 'place_id': 'ChIJuyhqC9dz_UYRL51ALiF7U1I'}",43,Wschodnia,Gdańsk,Gdańsk,80-066,"Wschodnia 43, 80-066 Gdańsk, Poland",54.3237438,18.6498778,ChIJuyhqC9dz_UYRL51ALiF7U1I,True,"[54.3237438, 18.6498778]"
41,46,2021-11-28 15:22:20,74079.0,18B,Dywizji Wołyńskiej,80-180,Gdańsk,True,2021-11-28 08:00:00,2021-11-28 16:00:00,False,"Dywizji Wolynskiej 18B, 80-180 Gdansk","{'street_number': '18B', 'route': 'Dywizji Wołyńskiej', 'locality': 'Gdańsk', 'administrative_area_level_2': 'Gdańsk', 'administrative_area_level_1': 'Pomorskie', 'country': 'Poland', 'postal_code': '80-180', 'formatted_address': 'Dywizji Wołyńskiej 18B, 80-180 Gdańsk, Poland', 'lat': 54.321853, 'lng': 18.612548, 'place_id': 'ChIJsZBv7_pz_UYRo8mR4VLJ658'}",18B,Dywizji Wołyńskiej,Gdańsk,Gdańsk,80-180,"Dywizji Wołyńskiej 18B, 80-180 Gdańsk, Poland",54.321853,18.612548,ChIJsZBv7_pz_UYRo8mR4VLJ658,True,"[54.321853, 18.612548]"
42,44,2021-11-28 15:29:56,74478.0,6D,Strzelców Karpackich,80-041,Gdańsk,True,2021-11-28 08:00:00,2021-11-28 16:00:00,False,"Strzelcow Karpackich 6D, 80-041 Gdansk","{'street_number': '6D', 'route': 'Strzelców Karpackich', 'locality': 'Gdańsk', 'administrative_area_level_2': 'Gdańsk', 'administrative_area_level_1': 'Pomorskie', 'country': 'Poland', 'postal_code': '80-041', 'formatted_address': 'Strzelców Karpackich 6D, 80-041 Gdańsk, Poland', 'lat': 54.3235865, 'lng': 18.6165574, 'place_id': 'ChIJe02AAfBz_UYRk9Bm70CrEgo'}",6D,Strzelców Karpackich,Gdańsk,Gdańsk,80-041,"Strzelców Karpackich 6D, 80-041 Gdańsk, Poland",54.3235865,18.6165574,ChIJe02AAfBz_UYRk9Bm70CrEgo,True,"[54.3235865, 18.6165574]"
43,48,2021-11-28 15:41:53,76493.0,22,Świętokrzyska,80-180,Gdańsk,True,2021-11-28 08:00:00,2021-11-28 16:00:00,False,"Swietokrzyska 22, 80-180 Gdansk","{'street_number': '22', 'route': 'Świętokrzyska', 'locality': 'Gdańsk', 'administrative_area_level_2': 'Gdańsk', 'administrative_area_level_1': 'Pomorskie', 'country': 'Poland', 'postal_code': '80-180', 'formatted_address': 'Świętokrzyska 22, 80-180 Gdańsk, Poland', 'lat': 54.32307309999999, 'lng': 18.6016799, 'place_id': 'ChIJ1f1yWfhz_UYRnvqSxDa2y8U'}",22,Świętokrzyska,Gdańsk,Gdańsk,80-180,"Świętokrzyska 22, 80-180 Gdańsk, Poland",54.32307309999999,18.6016799,ChIJ1f1yWfhz_UYRnvqSxDa2y8U,True,"[54.32307309999999, 18.6016799]"
44,47,2021-11-28 15:49:48,77127.0,60,Swietokrzyska,80-180,Gdańsk,False,2021-11-28 08:00:00,2021-11-28 16:00:00,False,"Swietokrzyska 60, 80-180 Gdansk","{'street_number': '60', 'route': 'Świętokrzyska', 'locality': 'Gdańsk', 'administrative_area_level_2': 'Gdańsk', 'administrative_area_level_1': 'Pomorskie', 'country': 'Poland', 'postal_code': '80-180', 'formatted_address': 'Świętokrzyska 60, 80-180 Gdańsk, Poland', 'lat': 54.32018100000001, 'lng': 18.5942629, 'place_id': 'ChIJIyGpwAB0_UYRSeHkE6fc6tY'}",60,Świętokrzyska,Gdańsk,Gdańsk,80-180,"Świętokrzyska 60, 80-180 Gdańsk, Poland",54.32018100000001,18.5942629,ChIJIyGpwAB0_UYRSeHkE6fc6tY,True,"[54.32018100000001, 18.5942629]"
45,49,2021-11-28 15:59:23,78357.0,32,Niepołomnicka,80-180,Gdańsk,True,2021-11-28 08:00:00,2021-11-28 16:00:00,False,"Niepolomnicka 32, 80-180 Gdansk","{'street_number': '32', 'route': 'Niepołomicka', 'locality': 'Gdańsk', 'administrative_area_level_2': 'Gdańsk', 'administrative_area_level_1': 'Pomorskie', 'country': 'Poland', 'postal_code': '80-001', 'formatted_address': 'Niepołomicka 32, 80-001 Gdańsk, Poland', 'lat': 54.31131999999999, 'lng': 18.5965473, 'place_id': 'ChIJRZqVRlRx_UYRlSAWMKJhhRI'}",32,Niepołomicka,Gdańsk,Gdańsk,80-180,"Niepołomicka 32, 80-001 Gdańsk, Poland",54.31131999999999,18.5965473,ChIJRZqVRlRx_UYRlSAWMKJhhRI,True,"[54.31131999999999, 18.5965473]"
46,13,2021-11-28 16:37:34,114730.0,3,Łużycka,81-537,Gdynia,True,2021-11-28 10:00:00,2021-11-28 16:00:00,False,"Luzycka 3, 81-537 Gdynia","{'street_number': '3', 'route': 'Łużycka', 'political': 'Mały Kack', 'locality': 'Gdynia', 'administrative_area_level_2': 'Gdynia', 'administrative_area_level_1': 'Pomorskie', 'country': 'Poland', 'postal_code': '81-537', 'formatted_address': 'Łużycka 3, 81-537 Gdynia, Poland', 'lat': 54.4931057, 'lng': 18.5352329, 'place_id': 'ChIJORpuRsag_UYR1xLiFojy2oI'}",3,Łużycka,Gdynia,Gdynia,81-537,"Łużycka 3, 81-537 Gdynia, Poland",54.4931057,18.5352329,ChIJORpuRsag_UYR1xLiFojy2oI,True,"[54.4931057, 18.5352329]"
